-- phpMyAdmin SQL Dump
-- version 5.2.1
-- https://www.phpmyadmin.net/
--
-- Servidor: 127.0.0.1
-- Tiempo de generación: 08-05-2025 a las 05:06:28
-- Versión del servidor: 10.4.32-MariaDB
-- Versión de PHP: 8.0.30

SET SQL_MODE = "NO_AUTO_VALUE_ON_ZERO";
START TRANSACTION;
SET time_zone = "+00:00";


/*!40101 SET @OLD_CHARACTER_SET_CLIENT=@@CHARACTER_SET_CLIENT */;
/*!40101 SET @OLD_CHARACTER_SET_RESULTS=@@CHARACTER_SET_RESULTS */;
/*!40101 SET @OLD_COLLATION_CONNECTION=@@COLLATION_CONNECTION */;
/*!40101 SET NAMES utf8mb4 */;

--
-- Base de datos: `bd_agenda`
--

-- --------------------------------------------------------

--
-- Estructura de tabla para la tabla `departamentos`
--

CREATE TABLE `departamentos` (
  `id` int(11) NOT NULL,
  `nombre` varchar(100) NOT NULL
) ENGINE=InnoDB DEFAULT CHARSET=utf8mb4 COLLATE=utf8mb4_general_ci;

--
-- Volcado de datos para la tabla `departamentos`
--

INSERT INTO `departamentos` (`id`, `nombre`) VALUES
(1, 'Chuquisaca'),
(2, 'La Paz'),
(3, 'Cochabamba'),
(4, 'Oruro'),
(5, 'Potosi'),
(6, 'Tarija'),
(7, 'Santa Cruz'),
(8, 'Beni'),
(9, 'Pando');

-- --------------------------------------------------------

--
-- Estructura de tabla para la tabla `municipios`
--

CREATE TABLE `municipios` (
  `id` int(5) NOT NULL,
  `nombre` varchar(100) NOT NULL,
  `provincia_id` int(11) NOT NULL
) ENGINE=InnoDB DEFAULT CHARSET=utf8mb4 COLLATE=utf8mb4_general_ci;

--
-- Volcado de datos para la tabla `municipios`
--

INSERT INTO `municipios` (`id`, `nombre`, `provincia_id`) VALUES
(1, 'Tarvita', 1001),
(2, 'Villa Azurduy', 1001),
(3, 'Villa Serrano', 1002),
(4, 'Monteagudo', 1003),
(5, 'San Pablo de Huacareta', 1003),
(6, 'Huacaya', 1004),
(7, 'Macharetí', 1004),
(8, 'Villa Vaca Guzmán', 1004),
(9, 'Villa Charcas', 1005),
(10, 'Camargo', 1005),
(11, 'Incahuasi', 1005),
(12, 'San Lucas', 1005),
(13, 'Poroma', 1006),
(14, 'Sucre', 1006),
(15, 'Yotala', 1006),
(16, 'Camataqui', 1007),
(17, 'Culpina', 1007),
(18, 'Las Carreras', 1007),
(19, 'El Villar', 1008),
(20, 'Padilla', 1008),
(21, 'Sopachuy', 1008),
(22, 'Tomina', 1008),
(23, 'Villa Alcalá', 1008),
(24, 'Tarabuco', 1009),
(25, 'Yamparáez', 1009),
(26, 'Icla', 1010),
(27, 'Presto', 1010),
(28, 'Villa Mojocoya', 1010),
(29, 'Villa Zudáñez', 1010),
(30, 'Ixiamas', 2001),
(31, 'San Buena Ventura', 2001),
(32, 'Ayo Ayo', 2002),
(33, 'Calamarca', 2002),
(34, 'Collana', 2002),
(35, 'Colquencha', 2002),
(36, 'Patacamaya', 2002),
(37, 'Sica Sica', 2002),
(38, 'Umala', 2002),
(39, 'Curva', 2003),
(40, 'Charazani', 2003),
(41, 'Mocomoco', 2004),
(42, 'Puerto Acosta', 2004),
(43, 'Puerto Carabuco', 2004),
(44, 'Escoma', 2004),
(45, 'Humanata', 2004),
(46, 'Alto Beni', 2005),
(47, 'Caranavi', 2005),
(48, 'Apolo', 2006),
(49, 'Pelechuco', 2006),
(50, 'Chacarilla', 2007),
(51, 'Papel Pampa', 2007),
(52, 'San Pedro de Curahuara', 2007),
(53, 'Andrés de Machaca', 2008),
(54, 'Desaguadero', 2008),
(55, 'Guaqui', 2008),
(56, 'Jesús de Machaca', 2008),
(57, 'Taraco', 2008),
(58, 'Tiahuanacu', 2008),
(59, 'Viacha', 2008),
(60, 'Cajuata', 2009),
(61, 'Colquiri', 2009),
(62, 'Ichoca', 2009),
(63, 'Inquisivi', 2009),
(64, 'Licoma Pampa', 2009),
(65, 'Quime', 2009),
(66, 'Catacora', 2010),
(67, 'Santiago de Machaca', 2010),
(68, 'Combaya', 2011),
(69, 'Guanay', 2011),
(70, 'Mapiri', 2011),
(71, 'Quiabaya', 2011),
(72, 'Sorata', 2011),
(73, 'Tacacoma', 2011),
(74, 'Teoponte', 2011),
(75, 'Tipuani', 2011),
(76, 'Cairoma', 2012),
(77, 'Luribay', 2012),
(78, 'Malla', 2012),
(79, 'Sapahaqui', 2012),
(80, 'Yaco', 2012),
(81, 'Batallas', 2013),
(82, 'Laja', 2013),
(83, 'Pucarani', 2013),
(84, 'Puerto Pérez', 2013),
(85, 'Copacabana', 2014),
(86, 'San Pedro de Tiquina', 2014),
(87, 'Tito Yupanqui', 2014),
(88, 'Aucapata', 2015),
(89, 'Ayata', 2015),
(90, 'Chuma', 2015),
(91, 'Achocalla', 2016),
(92, 'El Alto', 2016),
(93, 'La Paz', 2016),
(94, 'Mecapaca', 2016),
(95, 'Palca (1)', 2016),
(96, 'Coripata', 2017),
(97, 'Coroico', 2017),
(98, 'Achacachi', 2018),
(99, 'Ancoraimes', 2018),
(100, 'Santiago de Huata', 2018),
(101, 'Huarina', 2018),
(102, 'Calacoto', 2019),
(103, 'Caquiaviri', 2019),
(104, 'Charaña', 2019),
(105, 'Comanche', 2019),
(106, 'Coro Coro', 2019),
(107, 'Nazacara de Pacajes', 2019),
(108, 'Santiago de Callapa', 2019),
(109, 'Waldo Ballivián', 2019),
(110, 'Chulumani', 2020),
(111, 'Irupana', 2020),
(112, 'La Asunta', 2020),
(113, 'Palos Blancos', 2020),
(114, 'Yanacachi', 2020),
(115, 'Arani', 3001),
(116, 'Vacas', 3001),
(117, 'Arque', 3002),
(118, 'Tacopaya', 3002),
(119, 'Independencia', 3003),
(120, 'Morochata', 3003),
(121, 'Cocapata', 3003),
(122, 'Bolívar', 3004),
(123, 'Aiquile', 3005),
(124, 'Omereque', 3005),
(125, 'Pasorapa', 3005),
(126, 'Capinota', 3006),
(127, 'Santivañez', 3006),
(128, 'Sicaya', 3006),
(129, 'Chimoré', 3007),
(130, 'Entre Ríos', 3007),
(131, 'Pocona', 3007),
(132, 'Pojo', 3007),
(133, 'Puerto Villarroel', 3007),
(134, 'Totora', 3007),
(135, 'Cochabamba', 3008),
(136, 'Colomi', 3009),
(137, 'Sacaba', 3009),
(138, 'Villa Tunari', 3009),
(139, 'Anzaldo', 3010),
(140, 'Arbieto', 3010),
(141, 'Sacabamba', 3010),
(142, 'Tarata', 3010),
(143, 'Toco', 3011),
(144, 'Tolata', 3011),
(145, 'Cliza', 3011),
(146, 'Alalay', 3012),
(147, 'Mizque', 3012),
(148, 'Vila Vila', 3012),
(149, 'Cuchumuela', 3013),
(150, 'Punata', 3013),
(151, 'San Benito', 3013),
(152, 'Tacachi', 3013),
(153, 'Villa Rivero', 3013),
(154, 'Colcapirhua', 3014),
(155, 'Quillacollo', 3014),
(156, 'Sipe Sipe', 3014),
(157, 'Tiquipaya', 3014),
(158, 'Vinto', 3014),
(159, 'Tapacarí', 3015),
(160, 'Shinahota', 3016),
(161, 'Tiraque', 3016),
(162, 'Chipaya', 4001),
(163, 'Coipasa', 4001),
(164, 'Sabaya', 4001),
(165, 'Choquecota', 4002),
(166, 'Corque', 4002),
(167, 'Caracollo', 4003),
(168, 'El Choro', 4003),
(169, 'Oruro', 4003),
(170, 'Soracachi', 4003),
(171, 'Challapata', 4004),
(172, 'Santuario de Quillacas', 4004),
(173, 'Pampa Aullagas', 4005),
(174, 'Salinas de Garci Mendoza', 4005),
(175, 'Cruz de Machacamarca', 4006),
(176, 'Escara', 4006),
(177, 'Esmeralda', 4006),
(178, 'Huachacalla', 4006),
(179, 'Yunguyo del Litoral', 4006),
(180, 'Santiago de Huayllamarca', 4007),
(181, 'Villa Huanuni', 4008),
(182, 'Machacamarca', 4008),
(183, 'Antequera', 4009),
(184, 'Pazña', 4009),
(185, 'Villa Poopó', 4009),
(186, 'Carangas', 4010),
(187, 'La Rivera', 4010),
(188, 'Todos Santos', 4010),
(189, 'Curahuara de Carangas', 4011),
(190, 'Turco', 4011),
(191, 'Totora', 4012),
(192, 'Toledo', 4013),
(193, 'Santiago de Huari', 4014),
(194, 'Andamarca', 4015),
(195, 'Belén de Andamarca', 4015),
(196, 'Eucaliptus', 4016),
(197, 'Caripuyo', 5001),
(198, 'Sacaca', 5001),
(199, 'Porco', 5002),
(200, 'Tomave', 5002),
(201, 'Uyuni', 5002),
(202, 'Acasio', 5003),
(203, 'Arampampa', 5003),
(204, 'San Pedro de Buena Vista', 5004),
(205, 'Toro Toro', 5004),
(206, 'Colquechaca', 5005),
(207, 'Ocurí', 5005),
(208, 'Pocoata', 5005),
(209, 'Ravelo', 5005),
(210, 'Betanzos', 5006),
(211, 'Chaquí', 5006),
(212, 'Tacobamba', 5006),
(213, 'Llica', 5007),
(214, 'Tahua', 5007),
(215, 'San Agustín', 5008),
(216, 'Puna', 5009),
(217, 'Caiza \"D\"', 5009),
(218, 'Ckochas', 5009),
(219, 'Villazón', 5010),
(220, 'Cotagaita', 5011),
(221, 'Vitichi', 5011),
(222, 'Colcha \"K\"', 5012),
(223, 'San Pedro de Quemes', 5012),
(224, 'Chayanta', 5013),
(225, 'Llallagua', 5013),
(226, 'Uncía', 5013),
(227, 'Chuquiuta', 5013),
(228, 'Atocha', 5014),
(229, 'Tupiza', 5014),
(230, 'Mojinete', 5015),
(231, 'San Antonio de Esmoruco', 5015),
(232, 'San Pablo de Lipez', 5015),
(233, 'Belén de Urmiri', 5016),
(234, 'Potosí', 5016),
(235, 'Tinguipaya', 5016),
(236, 'Villa de Yocalla', 5016),
(237, 'Bermejo', 6001),
(238, 'Padcaya', 6001),
(239, 'Yunchará', 6002),
(240, 'Uriondo', 6002),
(241, 'Entre Ríos', 6003),
(242, 'Tarija', 6004),
(243, 'Caraparí', 6005),
(244, 'Villamontes', 6005),
(245, 'Yacuiba', 6005),
(246, 'El Puente', 6006),
(247, 'San Lorenzo', 6006),
(248, 'Ayacucho - Porongo', 7001),
(249, 'Santa Cruz de la Sierra', 7001),
(250, 'Cotoca', 7001),
(251, 'El Torno', 7001),
(252, 'La Guardia', 7001),
(253, 'San Matías', 7002),
(254, 'Pailón', 7003),
(255, 'Roboré', 7003),
(256, 'San José', 7003),
(257, 'Boyuibe', 7004),
(258, 'Cabezas', 7004),
(259, 'Camiri', 7004),
(260, 'Charagua', 7004),
(261, 'Cuevo', 7004),
(262, 'Gutiérrez', 7004),
(263, 'Lagunillas', 7004),
(264, 'Mairana', 7005),
(265, 'Pampa Grande', 7005),
(266, 'Quirusillas', 7005),
(267, 'Samaipata', 7005),
(268, 'Carmen Rivero Torres', 7006),
(269, 'Puerto Quijarro', 7006),
(270, 'Puerto Suárez', 7006),
(271, 'Ascención de Guarayos', 7007),
(272, 'El Puente', 7007),
(273, 'Urubichá', 7007),
(274, 'Buena Vista', 7008),
(275, 'San Carlos', 7008),
(276, 'San Juan', 7008),
(277, 'Yapacaní', 7008),
(278, 'Saipina', 7009),
(279, 'Comarapa', 7009),
(280, 'Concepción', 7010),
(281, 'Cuatro Cañadas', 7010),
(282, 'San Antonio del Lomerío', 7010),
(283, 'San Javier', 7010),
(284, 'San Julián', 7010),
(285, 'San Ramón', 7010),
(286, 'Gral. Saavedra', 7011),
(287, 'Mineros', 7011),
(288, 'Montero', 7011),
(289, 'Puerto Fernández Alonso', 7011),
(290, 'San Pedro', 7011),
(291, 'Colpa Bélgica', 7012),
(292, 'Portachuelo', 7012),
(293, 'Santa Rosa del Sara', 7012),
(294, 'Moro Moro', 7013),
(295, 'Postrer Valle', 7013),
(296, 'Pucara', 7013),
(297, 'Trigal', 7013),
(298, 'Valle Grande', 7013),
(299, 'San Ignacio', 7014),
(300, 'San Miguel', 7014),
(301, 'San Rafael', 7014),
(302, 'Okinawa', 7015),
(303, 'Warnes', 7015),
(304, 'San Javier', 8001),
(305, 'Trinidad', 8001),
(306, 'Baures', 8002),
(307, 'Huacaraje', 8002),
(308, 'Magdalena', 8002),
(309, 'Reyes', 8003),
(310, 'Rurrenabaque', 8003),
(311, 'San Borja', 8003),
(312, 'Santa Rosa', 8003),
(313, 'Puerto Siles', 8004),
(314, 'San Joaquín', 8004),
(315, 'San Ramón', 8004),
(316, 'Loreto', 8005),
(317, 'San Andrés', 8005),
(318, 'San Ignacio', 8006),
(319, 'Guayaramerín', 8007),
(320, 'Riberalta', 8007),
(321, 'Exaltación', 8008),
(322, 'Santa Ana', 8008),
(323, 'Santa Rosa del Abuná', 9001),
(324, 'Humaita', 9001),
(325, 'Villa Nueva', 9002),
(326, 'Nueva Esperanza', 9002),
(327, 'Santos Mercado', 9002),
(328, 'Blanca Flor', 9003),
(329, 'El Sena', 9003),
(330, 'Puerto Gonzalo Moreno', 9003),
(331, 'Filadelfia', 9004),
(332, 'Puerto Rico', 9004),
(333, 'San Pedro', 9004),
(334, 'Bella Flor', 9005),
(335, 'Bolpebra', 9005),
(336, 'Cobija', 9005),
(337, 'Porvenir', 9005);

-- --------------------------------------------------------

--
-- Estructura de tabla para la tabla `provincias`
--

CREATE TABLE `provincias` (
  `id` int(11) NOT NULL,
  `nombre` varchar(100) NOT NULL,
  `departamento_id` int(11) NOT NULL
) ENGINE=InnoDB DEFAULT CHARSET=utf8mb4 COLLATE=utf8mb4_general_ci;

--
-- Volcado de datos para la tabla `provincias`
--

INSERT INTO `provincias` (`id`, `nombre`, `departamento_id`) VALUES
(1001, 'Azurduy', 1),
(1002, 'Belisario Boeto', 1),
(1003, 'Hernando Siles', 1),
(1004, 'Luis Calvo', 1),
(1005, 'Nor Cinti', 1),
(1006, 'Oropeza', 1),
(1007, 'Sud Cinti', 1),
(1008, 'Tomina', 1),
(1009, 'Yamparáez', 1),
(1010, 'Zudañez', 1),
(2001, 'Abel Iturralde', 2),
(2002, 'Aroma', 2),
(2003, 'Bautista Saavedra', 2),
(2004, 'Camacho', 2),
(2005, 'Caranavi', 2),
(2006, 'Franz Tamayo', 2),
(2007, 'Gualberto Villarroel', 2),
(2008, 'Ingavi', 2),
(2009, 'Inquisivi', 2),
(2010, 'José Manuel Pando', 2),
(2011, 'Larecaja', 2),
(2012, 'Loayza', 2),
(2013, 'Los Andes', 2),
(2014, 'Manco Kapac', 2),
(2015, 'Muñecas', 2),
(2016, 'Murillo', 2),
(2017, 'Nor Yungas', 2),
(2018, 'Omasuyos', 2),
(2019, 'Pacajes', 2),
(2020, 'Sud Yungas', 2),
(3001, 'Arani', 3),
(3002, 'Arque', 3),
(3003, 'Ayopaya', 3),
(3004, 'Bolívar', 3),
(3005, 'Campero', 3),
(3006, 'Capinota', 3),
(3007, 'Carrasco', 3),
(3008, 'Cercado', 3),
(3009, 'Chapare', 3),
(3010, 'Esteban Arce', 3),
(3011, 'German Jordán', 3),
(3012, 'Mizque', 3),
(3013, 'Punata', 3),
(3014, 'Quillacollo', 3),
(3015, 'Tapacarí', 3),
(3016, 'Tiraque', 3),
(4001, 'Atahuallpa', 4),
(4002, 'Carangas', 4),
(4003, 'Cercado', 4),
(4004, 'Eduardo Avaroa', 4),
(4005, 'Ladislao Cabrera', 4),
(4006, 'Litoral de Atacama', 4),
(4007, 'Nor Carangas', 4),
(4008, 'Pantaleon Dalence', 4),
(4009, 'Poopó', 4),
(4010, 'Puerto de Mejillones', 4),
(4011, 'Sajama', 4),
(4012, 'San Pedro de Totora', 4),
(4013, 'Saucari', 4),
(4014, 'Sebastián Pagador', 4),
(4015, 'Sud Carangas', 4),
(4016, 'Tomas Barrón', 4),
(5001, 'Alonso de Ibañez', 5),
(5002, 'Antonio Quijarro', 5),
(5003, 'Bernardino Bilbao Rioja', 5),
(5004, 'Charcas', 5),
(5005, 'Chayanta', 5),
(5006, 'Cornelio Saavedra', 5),
(5007, 'Daniel Campos', 5),
(5008, 'Enrique Baldivieso', 5),
(5009, 'José Maria Linares', 5),
(5010, 'Modesto Omiste', 5),
(5011, 'Nor Chichas', 5),
(5012, 'Nor Lípez', 5),
(5013, 'Rafael Bustillo', 5),
(5014, 'Sur Chichas', 5),
(5015, 'Sur Lípez', 5),
(5016, 'Tomas Frías', 5),
(6001, 'Aniceto Arce', 6),
(6002, 'Avilés', 6),
(6003, 'Burnet O\' Oconnor', 6),
(6004, 'Cercado', 6),
(6005, 'Gran Chaco', 6),
(6006, 'Méndez', 6),
(7001, 'Andrés Ibañez', 7),
(7002, 'Angel Sandoval', 7),
(7003, 'Chiquitos', 7),
(7004, 'Cordillera', 7),
(7005, 'Florida', 7),
(7006, 'Germán Busch', 7),
(7007, 'Guarayos', 7),
(7008, 'Ichilo', 7),
(7009, 'Manuel Maria Caballero', 7),
(7010, 'Ñuflo de Chávez', 7),
(7011, 'Obispo Santiestevan', 7),
(7012, 'Sara', 7),
(7013, 'Vallegrande', 7),
(7014, 'Velasco', 7),
(7015, 'Warnes', 7),
(8001, 'Cercado', 8),
(8002, 'Itenez', 8),
(8003, 'José Ballivián', 8),
(8004, 'Mamoré', 8),
(8005, 'Marbán', 8),
(8006, 'Moxos', 8),
(8007, 'Vaca Diez', 8),
(8008, 'Yacuma', 8),
(9001, 'Abuna', 9),
(9002, 'Federico Román', 9),
(9003, 'Madre de Dios', 9),
(9004, 'Manuripi', 9),
(9005, 'Nicolás Suárez', 9);
COMMIT;

/*!40101 SET CHARACTER_SET_CLIENT=@OLD_CHARACTER_SET_CLIENT */;
/*!40101 SET CHARACTER_SET_RESULTS=@OLD_CHARACTER_SET_RESULTS */;
/*!40101 SET COLLATION_CONNECTION=@OLD_COLLATION_CONNECTION */;
